Store,traffic
woofpackscanada.myshopify.com,304
durkotf.myshopify.com,302
36d241.myshopify.com,298
900e76-2.myshopify.com,296
alanwalker-store.myshopify.com,294
b27b04.myshopify.com,294
medicaloutfitsa.myshopify.com,290
lynobashop.myshopify.com,289
08443b.myshopify.com,286
94e87e.myshopify.com,279
jelecherche.myshopify.com,279
e0d060.myshopify.com,278
weebalert.myshopify.com,278
horroverts123.myshopify.com,277
di-jerk-stop.myshopify.com,276
athlete92com.myshopify.com,275
beauty306.myshopify.com,274
muniratest.myshopify.com,269
le-paradis-des-coffrets.myshopify.com,268
collective-co-2.myshopify.com,266
everything-care-2626.myshopify.com,266
nomnomcandy.myshopify.com,266
gifter-mamas.myshopify.com,262
ajorcajewels.myshopify.com,261
menlovemodesty.myshopify.com,260
buy-digispoon.myshopify.com,259
eiker-pets.myshopify.com,259
dabayehalwasmi.myshopify.com,258
knoxx-hair.myshopify.com,257
rose-gold-paris-us.myshopify.com,256
black-art-market.myshopify.com,255
galaxynova-au.myshopify.com,255
paris-flavor-de-8487.myshopify.com,254
firstloveapparel.myshopify.com,253
bedifferent4502.myshopify.com,252
rosegold-paris-uk.myshopify.com,252
cd8f9d.myshopify.com,251
931cac.myshopify.com,248
cohono-designs.myshopify.com,248
05a0bd-3.myshopify.com,247
zarssen.myshopify.com,246
schnellsteschnellebrillen.myshopify.com,244
luxxe-pods.myshopify.com,243
londonbridgepk.myshopify.com,241
doggyrelaxxx.myshopify.com,237
solvfjord.myshopify.com,233
389821.myshopify.com,232
viveedo.myshopify.com,232
d8e9a9.myshopify.com,228
le-bon-stock-matelas.myshopify.com,228
942a4e.myshopify.com,224
f48f03.myshopify.com,223
lorenzoveratti.myshopify.com,223
linencool.myshopify.com,222
thunder-buddy-3768.myshopify.com,221
882bc5.myshopify.com,220
goofiesqatar.myshopify.com,220
duro4eva.myshopify.com,216
a2fa74-3.myshopify.com,215
star-powa-uk.myshopify.com,214
4cddd9.myshopify.com,213
ea24c3.myshopify.com,212
graamm.myshopify.com,211
thebamby.myshopify.com,211
buyswans.myshopify.com,209
gettap-sa.myshopify.com,209
minimoglow.myshopify.com,209
qr-almakaanstore.myshopify.com,209
baliza-india.myshopify.com,207
noirmoutier-watches.myshopify.com,207
made-by-living-as.myshopify.com,206
lanthome-9609.myshopify.com,203
wonderful-9501.myshopify.com,203
lorigin3-store.myshopify.com,202
danis-closet-limerick.myshopify.com,201
192693-3.myshopify.com,198
squadactive.myshopify.com,196
stophangover.myshopify.com,196
mybrokenlabel.myshopify.com,193
23dfae-2.myshopify.com,192
05c42c-2.myshopify.com,0
majane-kshop.myshopify.com,188
mongant-co.myshopify.com,188
nikikw-designs.myshopify.com,187
the-pudding-co-doncaster-east.myshopify.com,185
ellipstore.myshopify.com,183
staxofficial.myshopify.com,182
al-shallal-perfumes.myshopify.com,181
winzain-1204.myshopify.com,180
asercosmetics.myshopify.com,179
sweetplaid-it.myshopify.com,179
sweetplaid-se.myshopify.com,178
lorenzo-veratti-us.myshopify.com,176
mk-style-8966.myshopify.com,176
abbce6-4.myshopify.com,175
b99eb5.myshopify.com,175
natos-y-waor-frases.myshopify.com,172
clickncollectco.myshopify.com,170
hala-al-shammery.myshopify.com,170
markay-outdoors.myshopify.com,170
nunuu-5760.myshopify.com,168
ebarza.myshopify.com,166
honeyrill.myshopify.com,166
aura-smile.myshopify.com,165
bedew-skin.myshopify.com,163
sloan-s-boutique.myshopify.com,163
devoetbaltempel.myshopify.com,162
zollofrance.myshopify.com,162
walletsplash.myshopify.com,160
pnoegoalkeeping.myshopify.com,159
wottagirl-com.myshopify.com,158
kisskare.myshopify.com,157
sweetplaid-dk.myshopify.com,157
blue-butterfly-boutique-3562.myshopify.com,156
voilondon-ae.myshopify.com,156
goat-storre.myshopify.com,153
monfranjo.myshopify.com,149
curative-company.myshopify.com,147
duvetcover-sa.myshopify.com,143
galaxynovait.myshopify.com,141
salkins-kow.myshopify.com,141
luxlashes77.myshopify.com,140
atntparis.myshopify.com,139
khaas-closet-uae.myshopify.com,139
mozzafiato-no.myshopify.com,139
4dfbbb.myshopify.com,135
perfectshapeeu.myshopify.com,133
shopmavio.myshopify.com,133
620056-3.myshopify.com,132
ugleam.myshopify.com,132
crebieco.myshopify.com,131
lapapillonsstore.myshopify.com,131
lixynl.myshopify.com,129
maxstore-4319-2.myshopify.com,129
souq-jumlah.myshopify.com,127
5cd784.myshopify.com,124
44ba30.myshopify.com,122
lisha-jindal.myshopify.com,122
space-techs.myshopify.com,122
cph-frames.myshopify.com,120
lunalyshopde.myshopify.com,119
elira-co.myshopify.com,118
luxlens-4.myshopify.com,117
thevaluestorehq.myshopify.com,113
heritage11222.myshopify.com,111
ikashkha.myshopify.com,107
dargan706.myshopify.com,0
thepureauty.myshopify.com,104
morrayofficial.myshopify.com,103
onestojoe.myshopify.com,103
shopthedenimbar.myshopify.com,103
naturesnestbysanaabid.myshopify.com,102
primary-menswear.myshopify.com,102
venari-store-pk.myshopify.com,102
lucilacosmetic.myshopify.com,101
vivvoe-se.myshopify.com,101
enigmagenomics.myshopify.com,100
darlida.myshopify.com,99
mcdonald-general-store-2852.myshopify.com,97
bucketboxsa.myshopify.com,96
lovelinked-4007.myshopify.com,96
baseformusic.myshopify.com,95
boho-photo-5273.myshopify.com,94
nuprintzz.myshopify.com,94
452ed9.myshopify.com,92
7adc40-2.myshopify.com,91
aleephonline-4937.myshopify.com,91
amatek-8086.myshopify.com,90
cosmetica-stores.myshopify.com,88
ef34b0-2.myshopify.com,88
0171bd.myshopify.com,87
boldemen.myshopify.com,82
sunvyuk.myshopify.com,82
ecobeachtowel.myshopify.com,77
reignoverus.myshopify.com,73
georgiemane.myshopify.com,70
charmingly-brunette.myshopify.com,66
shop-nova-care.myshopify.com,65
hush-little-one.myshopify.com,64
fresh-brimz.myshopify.com,61
kilimpoint.myshopify.com,61
shreyafirststore.myshopify.com,59
judylux06.myshopify.com,57
good-light-world.myshopify.com,55
spiffers-in.myshopify.com,55
thats-so-fetch-boutique.myshopify.com,51
snapbookusd.myshopify.com,50
ecologyside.myshopify.com,48
dailvibe.myshopify.com,47
veranustore.myshopify.com,47
beautycarekw.myshopify.com,45
abiss-apparel.myshopify.com,42
womenostore.myshopify.com,29
contently-dev.myshopify.com,25
ionabeauty.myshopify.com,24
luxecosmeticsnl.myshopify.com,24
acbc72-2.myshopify.com,23
fitness-boutiquee.myshopify.com,23
styched-fashion.myshopify.com,9
koelleza-store.myshopify.com,8
